patch	rms_dbfs	centroid_hz	side_to_mid_db	sub	low	mid	high_mid	high
Arp/Bell 1	-19.68	944.9	-21.15	-62.67	-34.07	-0.03	-22.44	-48.42
Arp/Delay Pops 1	-16.55	860.9	-19.83	-32.36	-41.79	-0.01	-28.42	-53.17
Arp/Light 1	-21.26	2722.5	-15.07	-51.33	-42.36	-1.03	-6.94	-20.44
Arp/Nice Pluck 1	-23.21	1316.2	-7.94	-54.82	-40.99	-0.05	-19.88	-41.2
Arp/Nice Pluck 2	-23.25	1813.7	-5.59	-40.01	-38.89	-0.29	-11.93	-32.16
Arp/Nice Pluck 3	-19.27	3014.3	-12.82	-69.23	-45.79	-2.14	-4.32	-17.33
Arp/Nice Pluck 4	-19.22	1200.7	-10.59	-59.75	-14.03	-0.3	-15.8	-40.62
Arp/Saw Pluck	-24.7	2214.0	-6.27	-44.22	-39.37	-0.62	-9.01	-20.93
Arp/Snap	-28.71	1653.6	-20.98	-25.04	-5.22	-1.61	-22.41	-30.69
Arp/Square Pop	-14.78	1238.0	-16.19	-34.7	-10.72	-0.58	-14.08	-45.8
Arp/Sync Pluck	-23.34	2546.4	-6.17	-50.8	-31.27	-2.2	-4.18	-18.52
Arp/Trancy	-16.87	1057.0	-16.88	-54.6	-29.54	-0.03	-22.18	-54.55
Bass/Bass 1	-15.42	772.6	-120.0	-2.21	-4.36	-14.99	-28.32	-41.5
Bass/Bass 3	-17.88	195.9	-120.0	-4.18	-2.59	-11.7	-58.8	-60.61
Bass/Behemoth	-12.52	206.6	-16.08	-2.67	-4.52	-9.73	-61.16	-84.67
Bass/Deep End	-17.22	106.0	-120.0	-2.19	-4.07	-23.76	-56.73	-79.93
Bass/Digibass	-15.61	160.8	-23.82	-4.55	-1.93	-21.46	-55.83	-79.5
Bass/Fingered	-19.24	153.4	-120.0	-11.52	-0.34	-23.13	-50.16	-76.94
Bass/FM Bass 1	-13.31	292.3	-120.0	-7.79	-0.82	-22.38	-37.43	-51.01
Bass/Lord Sawtooth	-17.77	773.1	-120.0	-24.06	-0.46	-10.31	-25.12	-42.3
Bass/Plain	-14.3	118.2	-120.0	-4.27	-2.08	-22.17	-70.37	-84.46
Bass/Rubber Bass	-10.73	681.2	-120.0	-1.86	-4.91	-16.16	-29.01	-46.19
Bass/Rumble	-12.04	84.0	-120.0	-2.13	-4.12	-32.26	-71.47	-78.77
Bass/Smoothie	-10.05	77.3	-120.0	-3.05	-2.98	-41.71	-64.0	-70.99
Bass/Square Bass	-12.88	205.4	-120.0	-2.81	-3.54	-14.72	-45.41	-68.98
Bass/Stable	-15.1	496.1	-120.0	-4.09	-3.05	-9.47	-26.65	-55.27
Bass/Sub 1	-18.06	44.1	-120.0	-0.99	-6.9	-52.61	-78.28	-83.19
Lead/Classic Lead 1	-13.44	2280.8	-120.0	-50.46	-40.92	-1.48	-5.6	-18.56
Lead/Classic Lead 2	-15.99	2181.2	-7.68	-41.61	-40.01	-2.67	-3.41	-25.54
Lead/Kurasu	-22.44	2480.1	-12.09	-52.05	-46.75	-3.46	-2.78	-16.78
Lead/Light	-22.01	3460.6	-18.97	-32.07	-29.09	-2.1	-5.23	-10.85
Lead/Moogy Saw	-22.03	2394.4	-22.24	-51.68	-41.71	-1.27	-6.04	-23.37
Lead/Saw Octaves	-17.32	1738.8	-25.07	-36.82	-10.55	-0.87	-10.34	-32.29
Lead/Sharpish	-18.08	2874.5	-21.43	-38.0	-51.06	-1.6	-5.27	-19.6
Lead/Square	-14.5	702.8	-120.0	-43.1	-30.71	-0.01	-29.69	-60.95
Lead/Sync Lead	-19.64	2528.5	-20.5	-54.18	-40.75	-1.9	-4.55	-23.65
Lead/Triple	-27.64	443.3	-21.68	-24.55	-16.69	-0.11	-56.57	-79.18
Lead/Turbo	-20.59	1761.5	-5.36	-56.87	-43.14	-0.49	-9.7	-40.21
Lead/Very Chorus	-21.07	2602.2	-4.06	-36.89	-34.2	-0.39	-11.27	-20.03
Pad/Bright	-18.29	1735.8	-12.22	-81.84	-16.28	-0.25	-15.16	-29.18
Pad/Ghost Pad	-21.9	1683.6	-7.99	-81.75	-32.31	-0.37	-10.89	-43.59
Pad/Louder	-20.77	1613.2	-8.39	-36.53	-8.03	-0.9	-15.5	-29.08
Pad/MKS-70 Warm Pad	-23.85	475.1	1.27	-50.24	-1.54	-5.24	-38.57	-62.04
Pad/Pad 1	-23.76	1371.1	-11.91	-72.5	-20.08	-0.35	-11.65	-49.73
Pad/Pad 3	-19.11	2677.5	-3.35	-65.35	-16.04	-2.18	-4.45	-19.96
Pad/Pad 5	-16.88	769.7	-6.96	-52.04	-5.06	-1.64	-26.39	-68.02
Pad/Sawteeth	-17.3	731.4	-3.3	-68.33	-9.89	-0.47	-30.13	-55.67
Pad/Sparkly	-18.68	785.3	-10.34	-91.28	-15.46	-0.13	-28.18	-32.15
Pad/Super	-25.6	3170.1	-4.27	-74.51	-15.66	-0.97	-8.71	-14.22
Pad/Verb Pad	-19.43	1681.0	-9.75	-70.25	-28.1	-0.15	-15.08	-33.95
Pad/Winter Warmer	-21.84	2911.8	-13.34	-55.74	-12.14	-0.84	-10.37	-16.28
Piano/DX EP	-23.65	1480.6	-5.95	-36.87	-11.0	-0.43	-21.51	-21.82
Piano/EP 1	-27.07	510.1	-11.14	-48.56	-12.42	-0.26	-39.51	-70.66
Piano/EP 2	-30.91	672.3	-17.46	-51.86	-12.55	-0.26	-27.76	-65.11
Piano/Piano Remains 1	-24.61	1202.7	-1.16	-55.85	-35.27	-0.04	-21.06	-41.14
Piano/Piano Remains 2	-26.12	1819.0	-0.69	-63.07	-38.86	-0.23	-12.87	-30.97
Piano/Soft Suitcase	-26.92	434.1	-30.5	-54.03	-9.85	-0.48	-33.62	-80.39
Saw/Anthemish 1	-15.37	1067.3	-7.21	-42.26	-11.69	-0.35	-20.71	-35.12
Saw/Anthemish 2	-14.4	1863.8	-9.6	-55.22	-27.2	-0.97	-7.05	-37.33
Saw/Anthemish 3	-10.96	1399.0	-9.29	-26.0	-21.96	-0.15	-16.22	-31.44
Saw/Fat Curtis	-11.93	1081.0	-6.87	-29.96	-7.93	-0.8	-21.82	-44.84
Saw/Hugeness	-18.68	3593.7	-4.93	-33.52	-11.74	-2.26	-5.48	-12.59
Saw/Japanese Unison	-21.51	3723.7	-8.04	-32.14	-26.27	-5.96	-1.64	-12.39
Saw/Larger	-15.34	1833.8	-120.0	-26.5	-7.82	-1.03	-13.76	-28.41
Saw/Megasynth 1	-20.21	2408.7	0.22	-42.96	-13.64	-0.56	-11.43	-22.39
Saw/Megasynth 2	-21.18	2625.5	0.41	-46.61	-11.38	-0.84	-10.33	-19.76
Saw/Smooth Stabs	-21.19	1511.8	-20.02	-61.41	-32.44	-0.4	-10.64	-43.12
Saw/Super Jupiter	-19.72	1109.9	-3.47	-64.74	-10.27	-0.47	-20.18	-44.91
Saw/Tarnce	-17.29	2222.4	-8.27	-39.88	-23.83	-0.39	-11.05	-24.61
Saw/Uni 1	-20.88	1739.7	-12.79	-26.92	-11.35	-0.57	-13.38	-30.01
Saw/Uni Saw FB	-16.86	1470.7	-9.78	-37.03	-25.41	-0.08	-18.16	-31.28
Saw/Zizzly Saw	-19.4	4098.7	-8.69	-16.85	-17.17	-2.02	-6.72	-9.22
