#Intro|8
もう一回（語り）|もういっかい
もう一回（語り）|もういっかい
もう一回（語り→歌）|もういっかい
もう一回（歌）|もういっかい
#A1|16
三秒だけの 君の声|さんびょうだけの きみのこえ
擦り切れるまで 巻き戻す|すりきれるまで まきもどす
同じところで 笑うから|おなじところで わらうから
同じところで 息をする|おなじところで いきをする
窓の外では 日が落ちて|まどのそとでは ひがおちて
予定がひとつ 増えてても|よていがひとつ ふえてても
僕の部屋だけ 回らない|ぼくのへやだけ まわらない
指は知ってる 戻る場所|ゆびはしってる もどるばしょ
#B1|8
何回目かは もう知らない|なんかいめかは もうしらない
数えるたびに ずれていく|かぞえるたびに ずれていく
同じはずの 言葉が|おなじはずの ことばが
歌に 聞こえてきた|うたに きこえてきた
#Chorus1|16
もう一回 もう一回|もういっかい もういっかい
同じ一秒を 鳴らして|おなじ いちびょうを ならして
もう一回 もう一回|もういっかい もういっかい
擦り減るほどに 鮮やかだ|すりへるほどに あざやかだ
繰り返すだけ 繰り返すだけ|くりかえすだけ くりかえすだけ
別の何かに 変わるまで|べつのなにかに かわるまで
もう一回 もう一回|もういっかい もういっかい
まだ 終わらないで|まだ おわらないで
#Drop1|8
も・も・も・もう一回（刻み）|ももももういっかい
い・い・一回（刻み）|いいいっかい
も・も・も・もう一回（刻み）|ももももういっかい
一回 一回 一回|いっかい いっかい いっかい
#A2|8
君の言葉は「またね」だけ|きみのことばは またねだけ
先は録音されてない|さきはろくおん されてない
だから「またね」の手前まで|だから またねの てまえまで
何度でもまた 戻ってく|なんどでもまた もどってく
#B2|8
何回目かは 忘れても|なんかいめかは わすれても
数えるたびに ずれていく|かぞえるたびに ずれていく
ノイズ混じりの「またね」が|のいずまじりの またねが
歌に 聞こえてきた|うたに きこえてきた
#Chorus2|16
もう一回 もう一回|もういっかい もういっかい
同じ一秒を 鳴らして|おなじ いちびょうを ならして
もう一回 もう一回|もういっかい もういっかい
擦り減るほどに 鮮やかだ|すりへるほどに あざやかだ
繰り返すだけ 繰り返すだけ|くりかえすだけ くりかえすだけ
別の何かに 変わるまで|べつのなにかに かわるまで
もう一回 もう一回|もういっかい もういっかい
まだ 止まらないで|まだ とまらないで
#Bridge|16
本当は 分かってる|ほんとは わかってる
これは 君じゃない|これは きみじゃない
空気が 震えた 跡|くうきが ふるえた あと
それでも|それでも
繰り返すたび|くりかえすたび
少しだけ 違って 聞こえる|すこしだけ ちがって きこえる
その少しを 集めて|その すこしを あつめて
今 歌に してる|いま うたに してる
#Break|8
も・も・も・もう一回（刻み、加速）|ももももういっかい
も・も・も・もう一回（刻み、加速）|ももももういっかい
もう一回 もう一回|もういっかい もういっかい
（1小節 無音）|
#LastChorus|24
もう一回 もう一回|もういっかい もういっかい
同じ一秒を 鳴らして|おなじ いちびょうを ならして
もう一回 もう一回|もういっかい もういっかい
擦り減るほどに 鮮やかだ|すりへるほどに あざやかだ
繰り返すだけ 繰り返すだけ|くりかえすだけ くりかえすだけ
別の何かに 変わるまで|べつのなにかに かわるまで
もう一回 もう一回|もういっかい もういっかい
ほら 歌に なった|ほら うたに なった
もう一回 もう一回|もういっかい もういっかい
もう一回 もう一回|もういっかい もういっかい
もう一回|もういっかい
#Outro|8
もう一回（歌→語り）|もういっかい
もう一回（語り）|もういっかい
またね（語り、1回だけ）|またね
