bar	section	chord
1	Intro	F#m
2	Intro	D
3	Intro	E
4	Intro	C#m
5	Intro	F#m
6	Intro	D
7	Intro	E
8	Intro	C#m
9	A1	F#m
10	A1	D
11	A1	E
12	A1	C#m
13	A1	F#m
14	A1	D
15	A1	E
16	A1	C#m
17	A1	F#m
18	A1	D
19	A1	E
20	A1	C#m
21	A1	F#m
22	A1	D
23	A1	E
24	A1	C#m
25	B1	D
26	B1	E
27	B1	F#m
28	B1	F#m
29	B1	D
30	B1	E
31	B1	C#sus4
32	B1	C#
33	Chorus1	D
34	Chorus1	E
35	Chorus1	C#m
36	Chorus1	F#m
37	Chorus1	D
38	Chorus1	E
39	Chorus1	C#m
40	Chorus1	F#m
41	Chorus1	D
42	Chorus1	E
43	Chorus1	C#m
44	Chorus1	F#m
45	Chorus1	D
46	Chorus1	E
47	Chorus1	C#m
48	Chorus1	F#m
49	Drop1	F#m
50	Drop1	D
51	Drop1	E
52	Drop1	C#m
53	Drop1	F#m
54	Drop1	D
55	Drop1	E
56	Drop1	C#m
57	A2	F#m
58	A2	D
59	A2	E
60	A2	C#m
61	A2	F#m
62	A2	D
63	A2	E
64	A2	C#m
65	B2	D
66	B2	E
67	B2	F#m
68	B2	F#m
69	B2	D
70	B2	E
71	B2	C#sus4
72	B2	C#
73	Chorus2	D
74	Chorus2	E
75	Chorus2	C#m
76	Chorus2	F#m
77	Chorus2	D
78	Chorus2	E
79	Chorus2	C#m
80	Chorus2	F#m
81	Chorus2	D
82	Chorus2	E
83	Chorus2	C#m
84	Chorus2	F#m
85	Chorus2	D
86	Chorus2	E
87	Chorus2	C#m
88	Chorus2	F#m
89	Bridge	Bm
90	Bridge	Bm
91	Bridge	C#m
92	Bridge	C#m
93	Bridge	D
94	Bridge	D
95	Bridge	E
96	Bridge	E
97	Bridge	Bm
98	Bridge	Bm
99	Bridge	C#m
100	Bridge	C#m
101	Bridge	D
102	Bridge	D
103	Bridge	E
104	Bridge	E
105	Break	F#m
106	Break	D
107	Break	E
108	Break	C#m
109	Break	D
110	Break	E
111	Break	C#
112	Break	NC
113	LastChorus	D
114	LastChorus	E
115	LastChorus	C#m
116	LastChorus	F#m
117	LastChorus	D
118	LastChorus	E
119	LastChorus	C#m
120	LastChorus	F#m
121	LastChorus	D
122	LastChorus	E
123	LastChorus	C#m
124	LastChorus	F#m
125	LastChorus	D
126	LastChorus	E
127	LastChorus	C#m
128	LastChorus	F#m
129	LastChorus	D
130	LastChorus	E
131	LastChorus	F#m
132	LastChorus	F#m
133	LastChorus	D
134	LastChorus	E
135	LastChorus	F#m
136	LastChorus	F#m
137	Outro	F#m
138	Outro	D
139	Outro	E
140	Outro	C#m
141	Outro	F#m
142	Outro	D
143	Outro	E
144	Outro	C#m
